label	n_variants	mean_r2	sd_r2	overall_r2	missing_policy_used
all	511	0.00857127417100172	0.0115912852778815	0.000141124199996338	error
p20	165	0.18676738245708	0.110082236446483	0.174959465016902	error
p30	234	0.111228947843588	0.0982347096301668	0.101689344525777	error
p50	351	0.0285347958104931	0.049137011035869	0.0156023886917229	error
