Fold	R2
1	0.138795938215939
2	0.407069982893178
3	0.2100312704076
4	0.332121154220937
5	0.0940673439280876
6	0.176658410800698
7	0.0869124649900308
8	0.0860437825920876
9	0.227326036383537
10	0.108647440138702
