Fold	R2
1	0.000846192486310174
2	
3	0.0285978537454184
4	
5	0.000677437618171021
6	0.0166619893727017
7	
8	0.000714034373846957
9	
10	0.00393013742956209
