Fold	R2
1	0.000801718560314213
2	0.136238711897678
3	0.0332592353995511
4	
5	0.00220625890505075
6	0.0222974725508774
7	
8	0.00101003593041834
9	
10	0.0039301374295623
