Fold	R2
1	0.0331077556248271
2	0.249441493760055
3	0.192404000333805
4	0.2923185357399
5	0.0208872953049768
6	0.115499590175281
7	0.0516170531735668
8	0.0477452649840046
9	0.0478321247097898
10	0.061436364629672
